id,population
1,0
2,0
3,0
4,0
5,0
6,0
7,0
8,0
9,0
10,0
11,0
12,0
13,0
14,0
15,0
16,0
17,0
18,0
19,0
20,0
21,0
22,0
23,0
24,0
25,0
26,0
27,0
28,0
29,0
30,0
31,0
32,0
33,0
34,0
35,0
36,0
37,0
38,0
39,0
40,2620
41,44323
42,927652
43,430150
44,3005
45,0
46,0
47,0
48,0
49,0
50,0
51,0
52,0
53,0
54,0
55,0
56,0
57,0
58,0
59,0
60,0
61,0
62,0
63,0
64,0
65,0
66,987090
67,101086
68,535645
69,3120724
70,0
71,0
72,0
73,0
74,0
75,0
76,0
77,0
78,0
79,0
80,0
81,0
82,0
83,0
84,0
85,0
86,0
87,0
88,0
89,0
90,0
91,0
92,0
93,0
94,0
95,0
96,0
97,0
98,0
99,0
100,0
101,0
102,0
103,0
104,0
105,0
106,0
107,0
108,0
109,0
110,0
111,0
112,0
113,0
114,0
115,0
116,0
117,0
118,0
119,0
120,0
121,0
122,0
123,0
124,0
125,0
126,0
127,0
128,0
129,0
130,0
131,0
132,0
133,0
134,22403
135,67597
136,21190
137,24977
138,0
139,0
140,0
141,0
142,0
143,0
144,0
145,0
146,0
147,0
148,0
149,0
150,0
151,0
152,0
153,0
154,0
155,0
156,0
157,0
158,0
159,43715
160,471172
161,221790
162,358935
163,1376135
164,0
165,0
166,0
167,0
168,0
169,0
170,0
171,0
172,0
173,0
174,0
175,0
176,0
177,0
178,0
179,0
180,0
181,0
182,0
183,0
184,0
185,0
186,0
187,0
188,0
189,0
190,0
191,0
192,0
193,0
194,0
195,0
196,0
197,0
198,0
199,0
200,0
201,0
202,0
203,0
204,0
205,0
206,0
207,0
208,0
209,0
210,0
211,0
212,0
213,0
214,0
215,0
216,0
217,0
218,0
219,0
220,0
221,0
222,0
223,0
224,0
225,0
226,0
227,0
228,263741
229,18057
230,102417
231,255874
232,33505
233,0
234,0
235,0
236,0
237,0
238,0
239,0
240,0
241,0
242,0
243,0
244,0
245,0
246,0
247,0
248,0
249,0
250,0
251,0
252,0
253,856076
254,952196
255,157317
256,447307
257,282948
258,0
259,0
260,0
261,0
262,0
263,0
264,0
265,0
266,0
267,0
268,0
269,0
270,0
271,0
272,0
273,0
274,0
275,0
276,0
277,0
278,0
279,0
280,0
281,0
282,0
283,0
284,0
285,0
286,0
287,0
288,0
289,0
290,0
291,0
292,0
293,0
294,0
295,0
296,0
297,0
298,0
299,0
300,0
301,0
302,0
303,0
304,0
305,0
306,0
307,0
308,0
309,0
310,0
311,0
312,0
313,0
314,0
315,0
316,0
317,0
318,0
319,0
320,0
321,9752
322,22070
323,16605
324,65184
325,285806
326,59428
327,1274
328,3047
329,0
330,0
331,0
332,0
333,0
334,0
335,0
336,0
337,0
338,0
339,0
340,0
341,0
342,0
343,0
344,0
345,0
346,0
347,2483525
348,747469
349,911078
350,440128
351,0
352,0
353,0
354,0
355,0
356,0
357,0
358,0
359,0
360,0
361,0
362,0
363,0
364,0
365,0
366,0
367,0
368,0
369,0
370,0
371,0
372,0
373,0
374,0
375,0
376,0
377,0
378,0
379,0
380,0
381,0
382,0
383,0
384,0
385,0
386,0
387,0
388,0
389,0
390,0
391,0
392,0
393,0
394,0
395,0
396,0
397,0
398,0
399,0
400,0
401,0
402,0
403,0
404,0
405,0
406,0
407,0
408,0
409,0
410,7072
411,3230
412,0
413,0
414,56114
415,80218
416,57118
417,75992
418,246530
419,62551
420,136839
421,55279
422,248171
423,0
424,0
425,0
426,0
427,0
428,10810
429,6237
430,19462
431,2784
432,1890
433,0
434,0
435,0
436,0
437,0
438,0
439,0
440,8109
441,387591
442,654492
443,2085206
444,195684
445,0
446,0
447,0
448,0
449,0
450,0
451,0
452,0
453,0
454,0
455,0
456,0
457,0
458,0
459,0
460,0
461,0
462,0
463,0
464,0
465,0
466,0
467,0
468,0
469,0
470,0
471,0
472,0
473,0
474,0
475,0
476,0
477,0
478,0
479,0
480,0
481,0
482,0
483,0
484,0
485,0
486,0
487,0
488,0
489,0
490,0
491,0
492,0
493,0
494,0
495,0
496,0
497,0
498,0
499,0
500,0
501,0
502,6131
503,9361
504,9361
505,3230
506,5923
507,1933
508,15121
509,9749
510,55962
511,1760777
512,1044201
513,98538
514,79308
515,309098
516,5674055
517,621545
518,313292
519,1559
520,34466
521,9373
522,114406
523,195372
524,953211
525,10213
526,2225
527,0
528,0
529,0
530,0
531,9381
532,21128
533,0
534,54604
535,347595
536,384941
537,387314
538,0
539,0
540,0
541,0
542,0
543,0
544,0
545,0
546,0
547,0
548,0
549,0
550,0
551,0
552,0
553,0
554,0
555,0
556,0
557,0
558,0
559,0
560,0
561,0
562,0
563,0
564,0
565,0
566,0
567,0
568,0
569,0
570,0
571,0
572,0
573,0
574,0
575,0
576,0
577,0
578,0
579,0
580,0
581,0
582,0
583,0
584,0
585,0
586,0
587,0
588,0
589,0
590,0
591,0
592,0
593,0
594,0
595,0
596,9675
597,11357
598,23929
599,8811
600,7674
601,5791
602,12276
603,13886
604,26273
605,142291
606,807759
607,1250094
608,98076
609,311546
610,722099
611,322394
612,185463
613,288512
614,131924
615,498835
616,576958
617,433785
618,419681
619,138771
620,370012
621,64873
622,586842
623,164935
624,177821
625,182327
626,326901
627,123768
628,120712
629,186930
630,731440
631,888040
632,0
633,0
634,0
635,0
636,0
637,0
638,0
639,0
640,0
641,0
642,0
643,0
644,0
645,0
646,0
647,0
648,0
649,0
650,0
651,0
652,0
653,0
654,0
655,0
656,0
657,0
658,0
659,0
660,0
661,0
662,0
663,0
664,0
665,0
666,0
667,0
668,0
669,0
670,0
671,0
672,0
673,0
674,0
675,0
676,0
677,0
678,0
679,0
680,3106
681,0
682,29116
683,0
684,3836
685,0
686,0
687,0
688,14456
689,3202
690,7386
691,11750
692,27859
693,15193
694,21380
695,10849
696,27255
697,23434
698,20185
699,50806
700,262145
701,745634
702,73448
703,301615
704,72648
705,114136
706,65880
707,95926
708,141510
709,144856
710,62388
711,277477
712,139521
713,159139
714,86381
715,574666
716,98263
717,191170
718,155234
719,147996
720,89902
721,219896
722,239698
723,49741
724,117960
725,154978
726,0
727,0
728,0
729,0
730,0
731,0
732,0
733,0
734,0
735,0
736,0
737,0
738,0
739,0
740,0
741,0
742,0
743,0
744,0
745,0
746,0
747,0
748,0
749,0
750,0
751,0
752,0
753,0
754,0
755,0
756,0
757,0
758,0
759,0
760,0
761,0
762,0
763,0
764,0
765,0
766,0
767,0
768,0
769,0
770,0
771,0
772,5628
773,6418
774,20001
775,65332
776,115241
777,37598
778,6557
779,6140
780,20282
781,10245
782,909996
783,5847
784,17481
785,7465
786,21889
787,34723
788,349601
789,16613
790,20656
791,133076
792,43710
793,53426
794,47545
795,344759
796,138984
797,72294
798,122518
799,170542
800,83128
801,68852
802,78951
803,117527
804,80454
805,107727
806,117746
807,258492
808,81372
809,59089
810,49332
811,63239
812,95503
813,197867
814,47594
815,234567
816,109976
817,118440
818,165099
819,136980
820,27368
821,0
822,0
823,0
824,0
825,0
826,0
827,0
828,0
829,0
830,0
831,0
832,0
833,0
834,0
835,0
836,0
837,0
838,0
839,0
840,0
841,0
842,0
843,0
844,0
845,0
846,0
847,0
848,0
849,0
850,0
851,0
852,0
853,0
854,0
855,0
856,0
857,0
858,0
859,0
860,1379641
861,0
862,78988
863,0
864,106438
865,3212
866,5722
867,9625
868,87267
869,1024086
870,28535
871,22109
872,16262
873,11379
874,50109
875,239869
876,22641
877,9196
878,21667
879,50417
880,29494
881,44569
882,45782
883,64066
884,49443
885,36736
886,173461
887,58949
888,143406
889,182372
890,1622444
891,163198
892,346491
893,166107
894,417587
895,98148
896,110860
897,98556
898,63161
899,113194
900,517420
901,94592
902,131216
903,58214
904,73509
905,79810
906,404525
907,71300
908,363834
909,124749
910,246215
911,121860
912,164329
913,525821
914,226818
915,0
916,0
917,0
918,0
919,0
920,0
921,0
922,0
923,0
924,0
925,0
926,0
927,0
928,0
929,0
930,0
931,0
932,0
933,0
934,0
935,0
936,0
937,0
938,0
939,0
940,0
941,0
942,0
943,0
944,0
945,0
946,0
947,0
948,0
949,0
950,0
951,0
952,3875
953,65013
954,2056283
955,48972
956,138161
957,167864
958,8554
959,8915
960,22776
961,70365
962,1432069
963,83083
964,20127
965,48096
966,15951
967,32413
968,17066
969,25270
970,60273
971,38098
972,27280
973,46669
974,31776
975,93962
976,44732
977,18791
978,16896
979,39208
980,23887
981,41360
982,110323
983,2328855
984,3755350
985,424754
986,126497
987,249010
988,126605
989,182738
990,74921
991,218991
992,50391
993,64655
994,56709
995,113966
996,79004
997,61227
998,286621
999,172732
1000,115888
1001,302905
1002,401121
1003,377345
1004,144094
1005,112619
1006,194837
1007,70751
1008,146947
1009,736584
1010,49249
1011,0
1012,0
1013,0
1014,0
1015,0
1016,0
1017,0
1018,0
1019,0
1020,0
1021,0
1022,0
1023,0
1024,0
1025,0
1026,0
1027,0
1028,0
1029,0
1030,0
1031,0
1032,0
1033,0
1034,0
1035,0
1036,0
1037,0
1038,0
1039,0
1040,0
1041,0
1042,0
1043,0
1044,2177
1045,3
1046,6096284
1047,1632410
1048,1476294
1049,291472
1050,7361
1051,12538
1052,26194
1053,12888
1054,66069
1055,3026257
1056,563494
1057,47016
1058,33443
1059,30018
1060,11297
1061,8931
1062,6291
1063,10384
1064,7786
1065,32241
1066,12645
1067,65157
1068,12880
1069,26500
1070,275019
1071,154232
1072,11806
1073,9121
1074,13584
1075,28311
1076,76878
1077,180244
1078,227138
1079,190969
1080,86108
1081,95217
1082,143059
1083,69825
1084,48317
1085,57897
1086,53061
1087,116717
1088,99781
1089,71621
1090,159405
1091,135022
1092,155909
1093,959876
1094,360214
1095,172456
1096,2660204
1097,1050855
1098,336670
1099,135458
1100,497741
1101,148986
1102,251334
1103,167407
1104,383662
1105,17030
1106,69734
1107,0
1108,0
1109,0
1110,0
1111,0
1112,0
1113,0
1114,0
1115,0
1116,0
1117,0
1118,0
1119,0
1120,0
1121,0
1122,0
1123,0
1124,0
1125,0
1126,0
1127,0
1128,0
1129,0
1130,0
1131,0
1132,0
1133,0
1134,0
1135,0
1136,0
1137,3
1138,240515
1139,889380
1140,3532994
1141,4844797
1142,582537
1143,319109
1144,20137
1145,4589
1146,83054
1147,17232
1148,29947
1149,147357
1150,58898
1151,30645
1152,57374
1153,41399
1154,18526
1155,3579
1156,12770
1157,15026
1158,17533
1159,14995
1160,13787
1161,10174
1162,72100
1163,29502
1164,33108
1165,48445
1166,14122
1167,18455
1168,50449
1169,151096
1170,148261
1171,90413
1172,77221
1173,84768
1174,42211
1175,59399
1176,45272
1177,67287
1178,269357
1179,110536
1180,41104
1181,73402
1182,103110
1183,129185
1184,210971
1185,95475
1186,167758
1187,261401
1188,249718
1189,248399
1190,579357
1191,2395366
1192,270410
1193,114341
1194,243007
1195,738021
1196,267396
1197,254541
1198,194914
1199,223012
1200,372608
1201,0
1202,11999
1203,0
1204,0
1205,0
1206,0
1207,0
1208,0
1209,0
1210,0
1211,0
1212,0
1213,0
1214,0
1215,0
1216,0
1217,0
1218,0
1219,0
1220,0
1221,0
1222,0
1223,0
1224,0
1225,0
1226,0
1227,0
1228,0
1229,0
1230,38728
1231,270039
1232,42594
1233,92555
1234,96593
1235,253293
1236,56278
1237,19099
1238,2973
1239,8742
1240,150400
1241,12805
1242,19992
1243,213768
1244,133786
1245,15290
1246,29503
1247,22011
1248,32627
1249,14608
1250,30414
1251,166971
1252,420351
1253,15425
1254,10210
1255,12104
1256,15627
1257,26376
1258,215700
1259,22353
1260,20821
1261,24552
1262,48823
1263,101181
1264,86074
1265,92065
1266,142608
1267,56381
1268,76117
1269,52786
1270,121768
1271,67418
1272,238550
1273,550695
1274,68786
1275,67246
1276,1180577
1277,113932
1278,127842
1279,178419
1280,199121
1281,648838
1282,138344
1283,472274
1284,372499
1285,216959
1286,144178
1287,827923
1288,705300
1289,246924
1290,1540137
1291,178141
1292,600439
1293,162700
1294,209432
1295,275737
1296,105101
1297,0
1298,4272
1299,0
1300,0
1301,0
1302,0
1303,0
1304,0
1305,0
1306,0
1307,0
1308,0
1309,0
1310,0
1311,0
1312,0
1313,0
1314,0
1315,0
1316,0
1317,0
1318,0
1319,0
1320,0
1321,0
1322,0
1323,0
1324,100904
1325,214885
1326,81266
1327,680504
1328,29268
1329,65471
1330,16309
1331,11084
1332,24100
1333,13427
1334,13243
1335,43690
1336,7528
1337,16940
1338,20923
1339,34572
1340,19729
1341,20096
1342,63961
1343,36642
1344,11941
1345,493854
1346,189439
1347,33697
1348,24778
1349,8918
1350,9202
1351,13437
1352,29983
1353,143697
1354,34131
1355,26704
1356,38874
1357,54162
1358,82773
1359,1292420
1360,129010
1361,77046
1362,151438
1363,221122
1364,178913
1365,133239
1366,54210
1367,171920
1368,93169
1369,62781
1370,138634
1371,191130
1372,223035
1373,95645
1374,200584
1375,192320
1376,233773
1377,377622
1378,243032
1379,126522
1380,204812
1381,489711
1382,253893
1383,752931
1384,807570
1385,195039
1386,460842
1387,603894
1388,422568
1389,347134
1390,57799
1391,10022
1392,9114
1393,0
1394,0
1395,0
1396,0
1397,0
1398,0
1399,0
1400,0
1401,0
1402,0
1403,0
1404,0
1405,0
1406,0
1407,0
1408,0
1409,0
1410,0
1411,0
1412,0
1413,0
1414,0
1415,0
1416,0
1417,11591
1418,87310
1419,62091
1420,498381
1421,294537
1422,14806
1423,13414
1424,3335
1425,39576
1426,386026
1427,2013352
1428,16903
1429,12523
1430,7159
1431,8053
1432,17050
1433,22871
1434,26309
1435,35158
1436,30297
1437,27497
1438,16873
1439,18105
1440,53437
1441,49154
1442,10412
1443,13810
1444,4736
1445,19357
1446,26873
1447,28179
1448,25462
1449,16160
1450,33622
1451,28130
1452,85505
1453,165260
1454,109737
1455,787104
1456,259553
1457,143799
1458,547972
1459,78166
1460,119500
1461,71677
1462,73585
1463,215766
1464,88636
1465,130634
1466,140846
1467,94786
1468,346931
1469,1513623
1470,204262
1471,223248
1472,106302
1473,862110
1474,257348
1475,246591
1476,345360
1477,389274
1478,362680
1479,1158287
1480,448277
1481,1566296
1482,162770
1483,118085
1484,141920
1485,64513
1486,0
1487,0
1488,0
1489,0
1490,0
1491,0
1492,0
1493,0
1494,0
1495,0
1496,0
1497,0
1498,0
1499,0
1500,0
1501,0
1502,0
1503,0
1504,0
1505,0
1506,0
1507,0
1508,0
1509,0
1510,137439
1511,483437
1512,141769
1513,87981
1514,958707
1515,190500
1516,19795
1517,5941
1518,8748
1519,10168
1520,6814
1521,34641
1522,36625
1523,7254
1524,36264
1525,9077
1526,25629
1527,22278
1528,18631
1529,25635
1530,38092
1531,111609
1532,52639
1533,7328
1534,22796
1535,41050
1536,25262
1537,16466
1538,6632
1539,7840
1540,8035
1541,25810
1542,37165
1543,11202
1544,13228
1545,21167
1546,20967
1547,64776
1548,76507
1549,125043
1550,74127
1551,145548
1552,185393
1553,154103
1554,95244
1555,79329
1556,38972
1557,78233
1558,97230
1559,98773
1560,190623
1561,112703
1562,220409
1563,402878
1564,212092
1565,108192
1566,136801
1567,182698
1568,102243
1569,341788
1570,160616
1571,135119
1572,235835
1573,215930
1574,161422
1575,156868
1576,91144
1577,95069
1578,1129674
1579,620968
1580,0
1581,0
1582,0
1583,0
1584,0
1585,0
1586,0
1587,0
1588,0
1589,0
1590,0
1591,0
1592,0
1593,0
1594,0
1595,0
1596,0
1597,0
1598,0
1599,0
1600,0
1601,0
1602,0
1603,0
1604,3164472
1605,2065774
1606,774081
1607,281735
1608,41204
1609,19851
1610,19864
1611,13067
1612,5141
1613,4137
1614,4393
1615,2059
1616,15806
1617,192134
1618,70199
1619,17035
1620,5133
1621,18421
1622,12494
1623,16996
1624,32982
1625,64349
1626,47858
1627,28617
1628,38387
1629,33289
1630,17070
1631,22742
1632,7135
1633,11215
1634,14146
1635,27263
1636,22386
1637,15205
1638,11377
1639,15956
1640,38674
1641,87847
1642,124355
1643,32552
1644,56986
1645,218252
1646,56622
1647,458710
1648,96685
1649,65021
1650,50780
1651,41868
1652,84444
1653,152029
1654,110496
1655,92180
1656,225499
1657,196438
1658,197025
1659,121293
1660,232041
1661,155009
1662,105653
1663,170058
1664,119846
1665,163325
1666,129030
1667,396241
1668,262666
1669,108800
1670,566529
1671,597711
1672,229363
1673,24196
1674,6644
1675,0
1676,0
1677,0
1678,0
1679,0
1680,0
1681,0
1682,0
1683,0
1684,0
1685,0
1686,0
1687,0
1688,0
1689,0
1690,0
1691,0
1692,0
1693,0
1694,0
1695,0
1696,0
1697,7150
1698,1388869
1699,1400555
1700,643000
1701,112136
1702,15148
1703,26006
1704,11279
1705,729
1706,5401
1707,6731
1708,6731
1709,6837
1710,9613
1711,25065
1712,21327
1713,15381
1714,6665
1715,5227
1716,13668
1717,8441
1718,9583
1719,21300
1720,28238
1721,11161
1722,19153
1723,16275
1724,199515
1725,20084
1726,31708
1727,20221
1728,10010
1729,20433
1730,56983
1731,46159
1732,18499
1733,27299
1734,91836
1735,591260
1736,42710
1737,26122
1738,46786
1739,62100
1740,58414
1741,85295
1742,109940
1743,123566
1744,93384
1745,144374
1746,207318
1747,178728
1748,111881
1749,116510
1750,356162
1751,126084
1752,986007
1753,231846
1754,591131
1755,218448
1756,115406
1757,129273
1758,260446
1759,162947
1760,69035
1761,75892
1762,154900
1763,265635
1764,271543
1765,480030
1766,213475
1767,70752
1768,121642
1769,0
1770,0
1771,0
1772,0
1773,0
1774,0
1775,0
1776,0
1777,0
1778,0
1779,0
1780,0
1781,0
1782,0
1783,0
1784,0
1785,0
1786,0
1787,0
1788,0
1789,0
1790,13758
1791,355291
1792,100273
1793,1456803
1794,1217143
1795,72821
1796,87462
1797,11097
1798,6892
1799,6718
1800,4672
1801,4672
1802,7845
1803,11723
1804,14949
1805,8004
1806,15007
1807,27800
1808,28532
1809,8188
1810,11649
1811,23674
1812,13421
1813,62933
1814,48949
1815,20519
1816,31079
1817,68687
1818,753305
1819,41240
1820,10299
1821,10368
1822,13077
1823,19362
1824,14357
1825,16006
1826,39526
1827,51142
1828,31184
1829,63580
1830,64406
1831,55212
1832,290515
1833,113717
1834,407360
1835,125940
1836,97323
1837,158925
1838,113065
1839,1028863
1840,1506471
1841,131273
1842,78741
1843,95920
1844,136391
1845,135412
1846,181356
1847,495965
1848,448223
1849,128605
1850,138789
1851,316043
1852,148958
1853,174302
1854,73360
1855,40431
1856,49642
1857,252612
1858,405181
1859,1166849
1860,1220418
1861,252439
1862,281124
1863,0
1864,0
1865,0
1866,0
1867,0
1868,0
1869,0
1870,0
1871,0
1872,0
1873,0
1874,0
1875,0
1876,0
1877,0
1878,0
1879,0
1880,0
1881,0
1882,0
1883,0
1884,50617
1885,114565
1886,36764
1887,252981
1888,127544
1889,59586
1890,602267
1891,34454
1892,11421
1893,9393
1894,7467
1895,7467
1896,11138
1897,11418
1898,9489
1899,4356
1900,18108
1901,40068
1902,48412
1903,19052
1904,19750
1905,2523
1906,54270
1907,161902
1908,73691
1909,44510
1910,72667
1911,27720
1912,1176318
1913,68180
1914,18657
1915,11015
1916,27130
1917,12053
1918,21182
1919,10388
1920,27396
1921,22419
1922,21718
1923,83556
1924,121309
1925,165697
1926,96937
1927,1747458
1928,215022
1929,77217
1930,64932
1931,257136
1932,53745
1933,401239
1934,90220
1935,110716
1936,139881
1937,73134
1938,213264
1939,259092
1940,490688
1941,166710
1942,1508354
1943,527847
1944,187302
1945,144703
1946,164786
1947,154843
1948,151214
1949,115773
1950,109351
1951,156200
1952,545921
1953,4247803
1954,2407404
1955,300879
1956,391935
1957,213673
1958,0
1959,0
1960,0
1961,0
1962,0
1963,0
1964,0
1965,0
1966,0
1967,0
1968,0
1969,0
1970,0
1971,0
1972,0
1973,0
1974,0
1975,0
1976,0
1977,0
1978,26382
1979,39375
1980,91555
1981,236700
1982,35431
1983,51503
1984,50240
1985,66676
1986,14850
1987,5738
1988,5129
1989,5129
1990,9786
1991,6945
1992,15203
1993,11206
1994,10759
1995,31254
1996,316724
1997,44427
1998,21394
1999,12828
2000,18469
2001,16184
2002,21660
2003,72688
2004,35467
2005,259980
2006,2268154
2007,49678
2008,36562
2009,19594
2010,14258
2011,12956
2012,18643
2013,13085
2014,21631
2015,15090
2016,16336
2017,22868
2018,42252
2019,39906
2020,44198
2021,189650
2022,61307
2023,56885
2024,62424
2025,47097
2026,124734
2027,59026
2028,101135
2029,251396
2030,190299
2031,111605
2032,136961
2033,365057
2034,1553659
2035,162682
2036,277418
2037,1022832
2038,1298068
2039,511516
2040,238092
2041,132558
2042,214707
2043,321904
2044,183847
2045,156131
2046,225608
2047,627212
2048,991959
2049,931400
2050,4616805
2051,554532
2052,674654
2053,0
2054,0
2055,0
2056,0
2057,0
2058,0
2059,0
2060,0
2061,0
2062,0
2063,0
2064,0
2065,0
2066,0
2067,0
2068,0
2069,0
2070,0
2071,9637
2072,61933
2073,20939
2074,200561
2075,27072
2076,29850
2077,44419
2078,17724
2079,18540
2080,9011
2081,12388
2082,16372
2083,11694
2084,46486
2085,8353
2086,8632
2087,6609
2088,8941
2089,222707
2090,1457017
2091,14610
2092,27204
2093,51222
2094,7323
2095,8005
2096,19759
2097,37338
2098,9766
2099,107512
2100,576905
2101,60506
2102,46880
2103,20340
2104,25327
2105,14196
2106,15915
2107,22970
2108,59508
2109,23106
2110,59404
2111,29529
2112,364418
2113,42069
2114,40255
2115,47046
2116,34200
2117,32627
2118,43750
2119,29586
2120,100476
2121,60174
2122,158733
2123,117127
2124,219373
2125,262144
2126,83154
2127,318735
2128,269390
2129,266262
2130,194047
2131,310582
2132,224484
2133,695143
2134,244437
2135,170282
2136,429277
2137,1628124
2138,323307
2139,315262
2140,261202
2141,549311
2142,483242
2143,985451
2144,1222482
2145,2081324
2146,11411731
2147,0
2148,76832
2149,0
2150,0
2151,0
2152,0
2153,0
2154,0
2155,0
2156,0
2157,0
2158,0
2159,0
2160,0
2161,0
2162,0
2163,0
2164,0
2165,104294
2166,33527
2167,25860
2168,36526
2169,20821
2170,10367
2171,8314
2172,9322
2173,13239
2174,2361
2175,23935
2176,9278
2177,17952
2178,21066
2179,23111
2180,12130
2181,10107
2182,5215
2183,599090
2184,444764
2185,28222
2186,14213
2187,25575
2188,3833
2189,4974
2190,10325
2191,8206
2192,9836
2193,19870
2194,111394
2195,20018
2196,20811
2197,29777
2198,19132
2199,23060
2200,39201
2201,29224
2202,25878
2203,93496
2204,98029
2205,47828
2206,111824
2207,207402
2208,98026
2209,32597
2210,61612
2211,42131
2212,107717
2213,72148
2214,85288
2215,122726
2216,105878
2217,337230
2218,152095
2219,116566
2220,252612
2221,105981
2222,198483
2223,407124
2224,276630
2225,228223
2226,226428
2227,269653
2228,1028880
2229,969266
2230,625105
2231,556915
2232,131751
2233,183311
2234,91145
2235,201785
2236,245693
2237,371411
2238,329213
2239,2551867
2240,3328829
2241,2096565
2242,380482
2243,31639
2244,10585
2245,0
2246,14255
2247,0
2248,0
2249,0
2250,0
2251,0
2252,0
2253,0
2254,0
2255,0
2256,0
2257,0
2258,0
2259,14492
2260,31862
2261,20082
2262,45419
2263,16404
2264,12493
2265,13044
2266,10456
2267,6589
2268,10196
2269,4494
2270,14147
2271,8268
2272,6116
2273,15183
2274,17282
2275,8390
2276,10878
2277,206119
2278,153879
2279,30806
2280,18913
2281,31877
2282,31347
2283,3498
2284,11325
2285,6710
2286,6791
2287,43724
2288,21818
2289,24739
2290,44665
2291,17735
2292,5965
2293,10704
2294,2495
2295,9483
2296,7096
2297,18198
2298,26374
2299,67068
2300,53980
2301,871561
2302,46428
2303,44535
2304,272773
2305,534987
2306,101411
2307,70439
2308,295952
2309,405004
2310,164956
2311,102099
2312,478180
2313,1455087
2314,2643105
2315,297335
2316,615006
2317,299416
2318,152113
2319,339382
2320,607157
2321,219977
2322,343567
2323,1350041
2324,180504
2325,199503
2326,91286
2327,83882
2328,60081
2329,128191
2330,101025
2331,503797
2332,124704
2333,426013
2334,618285
2335,1587909
2336,1292725
2337,443348
2338,1612444
2339,193674
2340,93183
2341,0
2342,0
2343,0
2344,0
2345,0
2346,0
2347,0
2348,0
2349,0
2350,0
2351,0
2352,0
2353,44765
2354,62951
2355,89093
2356,74572
2357,65511
2358,13254
2359,16235
2360,4926
2361,11515
2362,7835
2363,8031
2364,9462
2365,6116
2366,3792
2367,10272
2368,92894
2369,11050
2370,9005
2371,44631
2372,32736
2373,15064
2374,10582
2375,12285
2376,7137
2377,4075
2378,10160
2379,10649
2380,8992
2381,13864
2382,15265
2383,22244
2384,5986
2385,20317
2386,4999
2387,3497
2388,2722
2389,11345
2390,10961
2391,9545
2392,19598
2393,65252
2394,56514
2395,43026
2396,58723
2397,51601
2398,91225
2399,216846
2400,119276
2401,221701
2402,147929
2403,62283
2404,94754
2405,180831
2406,659032
2407,4785453
2408,0
2409,153244
2410,318933
2411,344418
2412,313390
2413,361280
2414,2901071
2415,0
2416,0
2417,68243
2418,0
2419,315537
2420,149502
2421,112137
2422,101038
2423,143513
2424,255642
2425,283667
2426,120175
2427,104839
2428,231012
2429,197713
2430,755107
2431,894392
2432,3565619
2433,356339
2434,2454
2435,0
2436,0
2437,0
2438,0
2439,0
2440,0
2441,0
2442,0
2443,0
2444,0
2445,0
2446,0
2447,15738
2448,38420
2449,253443
2450,20348
2451,18308
2452,6381
2453,8160
2454,4926
2455,4926
2456,7835
2457,5670
2458,9462
2459,3792
2460,32458
2461,55111
2462,62632
2463,66594
2464,28363
2465,68757
2466,20821
2467,28792
2468,13188
2469,8728
2470,27188
2471,4274
2472,4009
2473,8197
2474,85660
2475,18084
2476,14229
2477,5317
2478,6813
2479,13462
2480,26115
2481,5455
2482,14774
2483,9127
2484,14481
2485,13199
2486,26976
2487,54312
2488,60827
2489,168366
2490,54571
2491,46633
2492,51937
2493,49004
2494,76439
2495,188785
2496,65288
2497,172014
2498,87551
2499,247933
2500,338612
2501,959737
2502,0
2503,0
2504,823480
2505,347526
2506,469983
2507,469623
2508,967461
2509,915492
2510,0
2511,0
2512,0
2513,0
2514,255777
2515,436337
2516,306797
2517,138295
2518,247071
2519,144220
2520,249483
2521,94691
2522,865351
2523,213404
2524,175063
2525,567818
2526,1339099
2527,208934
2528,0
2529,0
2530,0
2531,0
2532,0
2533,0
2534,0
2535,0
2536,0
2537,0
2538,0
2539,0
2540,0
2541,66400
2542,48319
2543,98120
2544,17796
2545,11177
2546,8181
2547,4926
2548,12303
2549,2165
2550,7835
2551,5670
2552,78917
2553,34811
2554,32636
2555,20728
2556,34751
2557,18493
2558,15551
2559,123123
2560,136143
2561,39695
2562,17930
2563,11062
2564,14182
2565,23673
2566,9074
2567,8583
2568,14001
2569,3102
2570,10684
2571,6646
2572,15291
2573,20341
2574,16410
2575,18607
2576,15809
2577,18984
2578,16998
2579,16300
2580,43014
2581,46256
2582,284662
2583,78726
2584,61821
2585,53607
2586,41868
2587,87097
2588,80823
2589,54907
2590,63904
2591,63826
2592,125607
2593,621893
2594,209673
2595,1508299
2596,0
2597,59171
2598,250218
2599,400805
2600,174405
2601,469181
2602,115894
2603,169213
2604,0
2605,0
2606,0
2607,0
2608,19329
2609,758325
2610,195567
2611,734333
2612,121117
2613,592124
2614,105456
2615,104105
2616,151736
2617,129872
2618,145868
2619,238019
2620,292122
2621,226123
2622,24845
2623,0
2624,0
2625,0
2626,0
2627,0
2628,0
2629,0
2630,0
2631,0
2632,0
2633,0
2634,0
2635,15203
2636,53308
2637,113706
2638,25430
2639,44169
2640,197818
2641,7277
2642,6819
2643,9056
2644,12729
2645,10114
2646,97786
2647,745595
2648,13254
2649,14942
2650,15321
2651,13227
2652,9812
2653,97445
2654,73669
2655,45297
2656,14316
2657,13979
2658,9118
2659,15667
2660,12750
2661,14300
2662,10533
2663,12836
2664,16356
2665,22202
2666,127493
2667,24541
2668,12690
2669,6596
2670,8699
2671,8786
2672,19055
2673,17225
2674,37370
2675,33138
2676,54272
2677,56831
2678,41838
2679,52710
2680,132848
2681,79303
2682,240182
2683,65765
2684,204664
2685,114868
2686,83850
2687,95085
2688,322386
2689,278217
2690,72890
2691,42533
2692,62857
2693,115583
2694,94355
2695,254002
2696,37807
2697,38817
2698,0
2699,0
2700,0
2701,0
2702,0
2703,0
2704,0
2705,0
2706,12379
2707,116737
2708,41268
2709,10902
2710,37880
2711,120432
2712,105103
2713,133155
2714,72316
2715,399561
2716,252734
2717,23115
2718,14058
2719,0
2720,0
2721,0
2722,0
2723,0
2724,0
2725,0
2726,0
2727,0
2728,0
2729,11630
2730,80330
2731,454247
2732,50700
2733,26456
2734,73166
2735,21920
2736,7459
2737,9398
2738,10564
2739,15703
2740,23509
2741,28274
2742,10797
2743,12127
2744,9241
2745,9311
2746,4491
2747,7532
2748,9630
2749,12108
2750,5859
2751,7454
2752,38658
2753,14977
2754,23804
2755,21253
2756,13208
2757,44900
2758,13794
2759,31378
2760,57120
2761,40711
2762,14091
2763,7265
2764,14638
2765,26826
2766,7355
2767,8753
2768,28870
2769,24257
2770,56903
2771,51049
2772,55398
2773,63285
2774,107841
2775,183350
2776,205094
2777,80748
2778,153123
2779,60205
2780,125276
2781,157437
2782,127611
2783,524161
2784,52204
2785,22979
2786,91483
2787,82076
2788,59361
2789,58939
2790,28406
2791,3415
2792,0
2793,0
2794,0
2795,0
2796,0
2797,0
2798,0
2799,0
2800,0
2801,87013
2802,91848
2803,27022
2804,81839
2805,232410
2806,105542
2807,81237
2808,36415
2809,139581
2810,163289
2811,112675
2812,116986
2813,25489
2814,12570
2815,0
2816,0
2817,0
2818,0
2819,0
2820,0
2821,0
2822,0
2823,8527
2824,64987
2825,551053
2826,280905
2827,16477
2828,6412
2829,12340
2830,8661
2831,11012
2832,27640
2833,20035
2834,16758
2835,19241
2836,13225
2837,9649
2838,17245
2839,6709
2840,9371
2841,9307
2842,11486
2843,14623
2844,15311
2845,7060
2846,26259
2847,22668
2848,14867
2849,34872
2850,9547
2851,10030
2852,14350
2853,21450
2854,4201
2855,11574
2856,11097
2857,9524
2858,7652
2859,6638
2860,14423
2861,11923
2862,12632
2863,38326
2864,29023
2865,34101
2866,64301
2867,68014
2868,208289
2869,2341410
2870,738887
2871,118779
2872,130588
2873,82134
2874,91142
2875,171029
2876,48153
2877,141601
2878,65145
2879,0
2880,16816
2881,137335
2882,83400
2883,33587
2884,36956
2885,0
2886,0
2887,0
2888,0
2889,0
2890,0
2891,0
2892,0
2893,0
2894,0
2895,0
2896,18446
2897,67879
2898,18772
2899,145048
2900,26921
2901,53049
2902,10807
2903,33766
2904,32487
2905,154835
2906,71255
2907,23052
2908,14082
2909,0
2910,0
2911,0
2912,0
2913,0
2914,0
2915,0
2916,0
2917,0
2918,39149
2919,966413
2920,1463681
2921,45055
2922,53980
2923,7030
2924,43115
2925,29735
2926,48423
2927,30454
2928,15357
2929,14952
2930,10050
2931,7500
2932,12063
2933,13153
2934,16734
2935,14806
2936,44611
2937,66633
2938,19406
2939,15906
2940,111288
2941,7864
2942,11344
2943,11079
2944,7803
2945,1694
2946,5168
2947,5616
2948,1311
2949,7036
2950,6910
2951,6795
2952,7999
2953,14124
2954,11996
2955,48613
2956,32979
2957,20929
2958,23782
2959,35974
2960,80114
2961,98805
2962,234061
2963,604118
2964,103825
2965,107109
2966,50630
2967,36999
2968,34284
2969,65051
2970,22640
2971,43008
2972,55679
2973,4184
2974,7501
2975,52750
2976,48320
2977,27205
2978,1469
2979,0
2980,0
2981,0
2982,0
2983,0
2984,0
2985,0
2986,0
2987,0
2988,0
2989,0
2990,0
2991,0
2992,0
2993,0
2994,0
2995,0
2996,0
2997,4685
2998,4244
2999,24329
3000,25502
3001,14152
3002,2711
3003,0
3004,0
3005,0
3006,0
3007,0
3008,0
3009,0
3010,0
3011,4841
3012,58961
3013,206588
3014,36506
3015,50252
3016,20100
3017,19360
3018,149946
3019,182341
3020,82766
3021,25124
3022,74344
3023,26520
3024,15646
3025,2126
3026,39685
3027,11195
3028,30063
3029,45400
3030,22478
3031,107764
3032,9532
3033,11539
3034,13582
3035,119301
3036,12554
3037,16430
3038,5514
3039,3753
3040,6523
3041,7050
3042,5010
3043,7621
3044,12996
3045,5472
3046,16654
3047,14248
3048,7707
3049,11748
3050,13247
3051,13553
3052,25078
3053,37471
3054,55960
3055,81620
3056,95215
3057,69241
3058,48897
3059,40695
3060,32509
3061,20017
3062,33216
3063,52882
3064,30135
3065,45516
3066,40459
3067,28955
3068,17631
3069,10711
3070,32649
3071,11070
3072,1469
3073,0
3074,0
3075,0
3076,0
3077,0
3078,0
3079,0
3080,0
3081,0
3082,0
3083,0
3084,0
3085,0
3086,0
3087,0
3088,0
3089,0
3090,0
3091,2261
3092,1736
3093,2298
3094,17724
3095,19576
3096,0
3097,0
3098,0
3099,0
3100,0
3101,0
3102,0
3103,0
3104,0
3105,12486
3106,72127
3107,108836
3108,113371
3109,25952
3110,41804
3111,224855
3112,45406
3113,208986
3114,27671
3115,17535
3116,96339
3117,30739
3118,9393
3119,7388
3120,141350
3121,31231
3122,21455
3123,75847
3124,52351
3125,6618
3126,9951
3127,13673
3128,9186
3129,9071
3130,11742
3131,4217
3132,6503
3133,12955
3134,13320
3135,7703
3136,5409
3137,13224
3138,20891
3139,9177
3140,136927
3141,13938
3142,9554
3143,11146
3144,21786
3145,23486
3146,253206
3147,64595
3148,61183
3149,63524
3150,52447
3151,36413
3152,51581
3153,82467
3154,22600
3155,31870
3156,10004
3157,19611
3158,18656
3159,41115
3160,51862
3161,20799
3162,7909
3163,12501
3164,2917
3165,21983
3166,0
3167,0
3168,0
3169,0
3170,0
3171,0
3172,0
3173,0
3174,0
3175,0
3176,0
3177,0
3178,0
3179,0
3180,0
3181,0
3182,0
3183,0
3184,0
3185,1291
3186,4481
3187,5043
3188,19179
3189,24247
3190,0
3191,0
3192,0
3193,0
3194,0
3195,0
3196,0
3197,0
3198,0
3199,24061
3200,32805
3201,376730
3202,1910655
3203,62011
3204,38885
3205,52079
3206,66403
3207,82158
3208,17382
3209,27567
3210,37297
3211,19766
3212,15869
3213,19089
3214,34449
3215,44182
3216,6666
3217,14290
3218,32637
3219,9683
3220,14820
3221,14292
3222,5576
3223,9536
3224,5886
3225,3356
3226,3990
3227,6268
3228,10760
3229,8860
3230,6280
3231,38686
3232,11076
3233,21283
3234,16060
3235,6936
3236,10793
3237,24174
3238,14458
3239,20877
3240,29646
3241,52373
3242,33559
3243,47897
3244,26660
3245,43935
3246,64739
3247,130622
3248,12414
3249,10260
3250,0
3251,5816
3252,41018
3253,13051
3254,2046
3255,0
3256,0
3257,3108
3258,0
3259,0
3260,0
3261,0
3262,0
3263,0
3264,0
3265,0
3266,0
3267,0
3268,0
3269,0
3270,0
3271,0
3272,0
3273,0
3274,0
3275,0
3276,0
3277,0
3278,0
3279,0
3280,2745
3281,2745
3282,17432
3283,25351
3284,0
3285,0
3286,0
3287,0
3288,0
3289,0
3290,0
3291,0
3292,0
3293,3486
3294,12046
3295,141687
3296,2077460
3297,355696
3298,22929
3299,115975
3300,38610
3301,19880
3302,20720
3303,368627
3304,423572
3305,39099
3306,22968
3307,12641
3308,39187
3309,28575
3310,8417
3311,13227
3312,18192
3313,90531
3314,5895
3315,11171
3316,13192
3317,10966
3318,6989
3319,2772
3320,7690
3321,3121
3322,11052
3323,17493
3324,20470
3325,12153
3326,27827
3327,18121
3328,12449
3329,9068
3330,16386
3331,13766
3332,15665
3333,14930
3334,96886
3335,23475
3336,37782
3337,65697
3338,16578
3339,37093
3340,30770
3341,32264
3342,8571
3343,5947
3344,5600
3345,0
3346,0
3347,2046
3348,0
3349,0
3350,0
3351,0
3352,0
3353,0
3354,0
3355,0
3356,0
3357,0
3358,0
3359,0
3360,0
3361,0
3362,0
3363,0
3364,0
3365,0
3366,0
3367,0
3368,0
3369,0
3370,0
3371,0
3372,0
3373,0
3374,0
3375,2745
3376,0
3377,0
3378,0
3379,0
3380,0
3381,0
3382,0
3383,0
3384,0
3385,0
3386,5171
3387,15332
3388,17319
3389,103863
3390,321663
3391,204806
3392,11999
3393,26312
3394,38659
3395,19800
3396,19493
3397,72716
3398,51943
3399,51661
3400,17750
3401,22623
3402,104357
3403,18234
3404,18284
3405,10190
3406,13803
3407,9196
3408,9456
3409,10420
3410,7044
3411,7462
3412,5816
3413,7578
3414,10966
3415,15546
3416,10842
3417,17615
3418,42887
3419,21954
3420,14767
3421,75702
3422,23733
3423,13437
3424,14712
3425,22931
3426,20297
3427,26897
3428,16714
3429,26542
3430,16686
3431,9445
3432,8364
3433,9926
3434,6375
3435,10896
3436,1869
3437,7469
3438,1522
3439,1522
3440,0
3441,0
3442,0
3443,0
3444,0
3445,0
3446,0
3447,0
3448,0
3449,0
3450,0
3451,0
3452,0
3453,0
3454,0
3455,0
3456,0
3457,0
3458,0
3459,0
3460,0
3461,0
3462,0
3463,0
3464,0
3465,0
3466,0
3467,0
3468,0
3469,0
3470,0
3471,0
3472,0
3473,0
3474,0
3475,0
3476,0
3477,0
3478,0
3479,0
3480,0
3481,5171
3482,0
3483,24199
3484,236826
3485,20974
3486,6972
3487,16258
3488,16468
3489,23808
3490,13400
3491,30343
3492,9950
3493,31929
3494,17645
3495,14296
3496,6681
3497,7799
3498,9940
3499,18220
3500,6229
3501,6436
3502,3200
3503,18615
3504,3799
3505,7366
3506,5816
3507,9005
3508,6449
3509,13706
3510,5200
3511,11478
3512,9003
3513,16264
3514,6467
3515,15924
3516,8804
3517,19513
3518,14349
3519,6858
3520,7909
3521,21239
3522,8947
3523,18099
3524,17558
3525,11225
3526,2207
3527,12958
3528,896
3529,1200
3530,0
3531,0
3532,0
3533,0
3534,0
3535,0
3536,0
3537,0
3538,0
3539,0
3540,0
3541,0
3542,0
3543,0
3544,0
3545,0
3546,0
3547,0
3548,0
3549,0
3550,0
3551,0
3552,0
3553,0
3554,0
3555,0
3556,0
3557,0
3558,0
3559,0
3560,0
3561,0
3562,0
3563,0
3564,0
3565,0
3566,0
3567,0
3568,0
3569,0
3570,0
3571,0
3572,0
3573,0
3574,0
3575,0
3576,0
3577,16396
3578,0
3579,8589
3580,0
3581,2768
3582,0
3583,6674
3584,0
3585,10014
3586,0
3587,15491
3588,0
3589,7424
3590,0
3591,5280
3592,0
3593,9187
3594,0
3595,4436
3596,0
3597,4164
3598,0
3599,5710
3600,0
3601,5816
3602,0
3603,1661
3604,0
3605,5734
3606,0
3607,4396
3608,0
3609,4007
3610,0
3611,11552
3612,0
3613,3983
3614,0
3615,4530
3616,0
3617,12460
3618,925
3619,925
3620,0
3621,0
3622,0
3623,0
3624,0
3625,0
3626,0
3627,0
3628,0
3629,0
3630,0
3631,0
3632,0
3633,0
3634,0
3635,0
3636,0
3637,0
3638,0
3639,0
3640,0
3641,0
3642,0
3643,0
3644,0
3645,0
3646,0
3647,0
3648,0
3649,0
3650,0
3651,0
3652,0
3653,0
3654,0
3655,0
3656,0
3657,0
3658,0
3659,0
3660,0
3661,0
3662,0
3663,0
3664,0
3665,0
3666,0
3667,0
3668,0
3669,0
3670,0
3671,0
3672,0
3673,0
3674,0
3675,0
3676,0
3677,0
3678,0
3679,0
3680,0
3681,0
3682,0
3683,0
3684,0
3685,0
3686,0
3687,0
3688,0
3689,0
3690,0
3691,0
3692,0
3693,0
3694,0
3695,0
3696,0
3697,0
3698,0
3699,0
3700,0
3701,0
3702,0
3703,0
3704,0
3705,0
3706,0
3707,0
3708,0
3709,0
3710,0
3711,0
3712,0
3713,925
3714,0
3715,0
3716,0
3717,0
3718,0
3719,0
3720,0
3721,0
3722,0
3723,0
3724,0
3725,0
3726,0
3727,0
3728,0
3729,0
3730,0
3731,0
3732,0
3733,0
3734,0
3735,0
3736,0
3737,0
3738,0
3739,0
3740,0
3741,0
3742,0
3743,0
3744,0
3745,0
3746,0
3747,0
3748,0
3749,0
3750,0
3751,0
3752,0
3753,0
3754,0
3755,0
3756,0
3757,0
3758,0
3759,0
3760,0
3761,0
3762,0
3763,0
3764,0
3765,0
3766,0
3767,0
3768,0
3769,0
3770,0
3771,0
3772,0
3773,0
3774,0
3775,0
3776,0
3777,0
3778,0
3779,0
3780,0
3781,0
3782,0
3783,0
3784,0
3785,0
3786,0
3787,0
3788,0
3789,0
3790,0
3791,0
3792,0
3793,0
3794,0
3795,0
3796,0
3797,0
3798,0
3799,0
3800,0
3801,0
3802,0
3803,0
3804,0
3805,0
3806,0
3807,0
3808,0
3809,0
3810,0
3811,0
3812,0
3813,0
3814,0
3815,0
3816,0
3817,0
3818,0
3819,0
3820,0
3821,0
3822,0
3823,0
3824,0
3825,0
3826,0
3827,0
3828,0
3829,0
3830,0
3831,0
3832,0
3833,0
3834,0
3835,0
3836,0
3837,0
3838,0
3839,0
3840,0
3841,0
3842,0
3843,0
3844,0
3845,0
3846,0
3847,0
3848,0
3849,0
3850,0
3851,0
3852,0
3853,0
3854,0
